stop,degree,clusterring_coefficient,closeness,betwennesses,page_rank
8 Maja,7,0.0,0.06222062004325883,0.037743692117965834,0.001982108137100443
Godebskiego (AWF Wrocław),4,0.0,0.058839571827913,0.03388322453200738,0.0011063334339077337
Park Szczytnicki,4,0.0,0.06369003690036901,0.024163648378694794,0.0010807682303792365
Stadion Olimpijski,6,0.0,0.06327907317788532,0.007930415329728605,0.0015447654089295148
Adamczewskich,5,0.125,0.03951827090392893,0.03637188876005344,0.0013604115338825074
Jasińskiej,4,0.0,0.04076330829908838,0.038006961573272414,0.0010963085719002813
Kośnego,5,0.125,0.03804108260601252,0.026540642133115046,0.001157303842144428
Adamieckiego,5,0.25,0.06043417366946779,0.01357249568476974,0.001157204471682739
Morelowskiego,4,0.0,0.05723950388008225,0.011447227169661595,0.001140931898423161
Wiejska,10,0.1,0.06411589895988112,0.044584929770480404,0.0019414429656618433
Aleja Architektów,4,0.0,0.05211037980798261,0.15565751038484488,0.001051009475993407
Glinianki,4,0.0,0.053950987746936734,0.1571810003598327,0.0010412404924009472
Grabowa,4,0.0,0.05046488509443892,0.1542054900130954,0.001023226248498567
Aleja Pracy,6,0.0,0.06859004927674456,0.07483143561986143,0.00121536651636403
FAT,18,0.07142857142857142,0.06803847366761274,0.12804653386951284,0.0030750505085225927
Inżynierska,6,0.3333333333333333,0.06721183800623053,0.015746356870597042,0.0012120845533805508
Ojca Beyzyma,8,0.0,0.06928944199116821,0.06387263830154535,0.0019195765249211386
Aleja Wędrowców,4,0.0,0.064823856380981,0.004629617182816109,0.001108754931968732
Ślusarska,4,0.0,0.06089042545685458,0.0023174971031286215,0.001240550139557363
Arabska,4,0.0,0.040061275647572184,0.002317497103128621,0.0013142111548494798
BIEŃKOWICE,2,0.0,0.03851990715943582,0.0,0.0007321508519221401
Ziemniaczana,4,0.0,0.041727105695774105,0.0046296171828161085,0.0012194631049518843
Arachidowa,4,0.0,0.0407825717121119,0.0029050009968114663,0.0010046716784683394
Olbrachtowska,4,0.0,0.04194410692588092,0.0045084741954862124,0.00105900258737922
Wojanowska,6,0.3333333333333333,0.03978792070078377,0.001538936567390407,0.001344651062544915
Arena,2,0.5,0.06377475613360922,9.564380445916555e-05,0.0004729902568005116
EPI,13,0.16891891891891891,0.07249663978494623,0.01581955009108256,0.0019077299547671674
Arkady (Capitol),19,0.11212121212121212,0.07623674911660777,0.07565256966038501,0.0019400852392397294
DWORCOWA,9,0.2222222222222222,0.07642578816861495,0.013889030168133252,0.000959972346246762
GALERIA DOMINIKAŃSKA,25,0.11632653061224489,0.08097963779675331,0.2579630219486662,0.0027146519479229734
Hallera,21,0.09405940594059406,0.07541728567683299,0.1871110438532403,0.0029422135419879965
Pl. Hirszfelda,6,0.0,0.07150550998425718,0.005689409914325656,0.0009195835219978268
Renoma,10,0.23255813953488372,0.07757303370786517,0.018643801284036983,0.0010931271390425185
Rondo,14,0.14285714285714285,0.07288851351351351,0.02495340461798889,0.001950728470943521
Zaolziańska,6,0.3333333333333333,0.07117525773195876,0.0006979289466792439,0.0008734189794923071
pl. Legionów,11,0.14,0.07550966838743547,0.053120376260028544,0.001991813230067053
pl. Orląt Lwowskich,8,0.19230769230769232,0.08004823300250441,0.060709492319246654,0.001792124023522599
Świdnicka,12,0.21428571428571427,0.08014487369985142,0.07366470554775632,0.001441726100023709
Armii Krajowej,4,1.0,0.057506496968081564,0.0,0.0008329407401716531
KRAKOWSKA (Centrum handlowe),6,0.3333333333333333,0.060731878958479944,0.05564687030568215,0.0011971224946358524
Park Wschodni,8,0.16666666666666666,0.05777986073915372,0.05328217348220567,0.0015065643399861215
Armii Krajowej (Bogedaina),4,0.0,0.05497165424549334,0.0026780053734654667,0.0007358682042663345
Transbud,7,0.1111111111111111,0.053058715032277895,0.006045747303765278,0.001139351392509046
Awicenny,3,0.3333333333333333,0.054551201011378,0.0035393104581953705,0.001267503153900051
Awicenny (Stacja kolejowa),5,0.2777777777777778,0.05316658452439625,0.0014940849114790462,0.0014208630578738234
Jordanowska,9,0.07352941176470588,0.06074897930451922,0.02117629505956767,0.0023974301380627187
POCZTA POLSKA,3,0.3333333333333333,0.05769102212714754,0.0035393104581953713,0.0012869318150458115
Stanisławowska (W.K. Formaty),6,0.16666666666666666,0.05344977084107519,0.005519421744657191,0.0015426053376603871
Azaliowa,4,0.0,0.052731272149578394,0.029280446723107485,0.001177715848239763
Pawłowice,2,0.0,0.050101596516690855,0.013279231515809791,0.0006741403466130099
Przedwiośnie (Stacja kolejowa),8,0.16666666666666666,0.05553053214078888,0.13879148950179426,0.0017988060340677016
BARDZKA (Cmentarz),5,0.125,0.05090844738084002,0.02954216337466599,0.0008947837924091016
Buforowa-Rondo,5,0.125,0.048551336146272855,0.02746965690207402,0.0010265390154401356
GAJ - pętla,7,0.325,0.056144688048923294,0.013433056545522938,0.0019339618217765237
Morwowa,8,0.18,0.05351937984496124,0.028299520301911654,0.0020250351070899724
BARTOSZOWICE,4,0.0,0.049464091247778987,0.00020197444300758434,0.0009358063244608558
BISKUPIN,4,0.0,0.05056245605812046,0.0008274421396059186,0.0009432440293211617
Bacciarellego,6,0.3333333333333333,0.05201928872814949,0.0016866523830891516,0.0012752347090173577
BIERUTOWSKA (Ośrodek zdrowia),3,1.0,0.057637080077472785,0.0,0.000509111475905566
Dobroszycka,5,0.25,0.05786121354341267,0.0413745150596984,0.0012323280448630794
PSIE POLE (Stacja kolejowa),8,0.08333333333333333,0.06115796187371554,0.08272417603119331,0.001578825246091549
BIERUTOWSKA (Wiadukt),4,0.0,0.05024160214239972,0.03534351114253682,0.0011406534800205265
Bierutowska 75,4,0.0,0.05246200607902735,0.037289321500297075,0.001165233031817484
Mirków - Sportowa,4,0.0,0.048268918843335756,0.03349914729369929,0.0011101607773811423
Spółdzielcza,6,0.0,0.05324202603491887,0.003095089754582368,0.001312641989344192
BLACHARSKA,2,0.0,0.057399401396740934,0.0,0.0007008449204229905
BLIZANOWICE,2,0.0,0.03633684210526316,0.0,0.0007430712776914786
TRESTNO (pętla),4,0.0,0.03770534778049633,0.002317497103128621,0.0013399062743067482
BROCHÓW,4,0.0,0.04353309120258273,0.0069363602390624625,0.0011466170659523408
Chińska,6,0.038461538461538464,0.04549768030366934,0.01385660897406778,0.0016049440067176896
BROCHÓW (Stacja kolejowa),4,0.0,0.047558690620522426,0.01573271006364477,0.0010403456665013674
Topolowa,4,0.0,0.04981528515354421,0.017950060105182273,0.000969412753302538
BRZEZINA (pętla),2,0.0,0.03089203894616266,0.0,0.0006387639544537631
Brzezina - Kościół,6,0.0,0.031875600206840514,0.012653997403636333,0.0016417159176799461
Libelta,6,0.3333333333333333,0.05295453150886666,0.0030633674435132643,0.0012545131475022683
Monte Cassino,8,0.16666666666666666,0.0540320560981718,0.0040440273929206365,0.0016398142033791606
Bagatela,4,0.0,0.04561310782241015,0.002317497103128621,0.0013011674965565988
Redycka,4,0.0,0.04778516057585825,0.0046296171828161085,0.0011998592538116977
SOŁTYSOWICE,2,0.0,0.04362551814781114,0.0,0.0007266072971476651
Bajana,5,0.375,0.06306635486699795,0.12646435304540712,0.0011394592459045563
Metalowców,10,0.05,0.0610627609141725,0.1809350855376052,0.0020722416701296504
Park Zachodni,5,0.125,0.0653738353155064,0.1730618467059057,0.000988548207105707
Bardzka,9,0.0625,0.05875944713011507,0.02289896876313869,0.0017646461492186087
Kamienna,6,0.038461538461538464,0.06159446149454,0.022049377384804662,0.0013103128902579812
Krynicka,5,0.125,0.055706170926930025,0.011535812033424332,0.000978918378076684
Nyska,4,0.5,0.05567382749500032,0.0021816413890521705,0.0007907105887282372
Orzechowa,4,0.0,0.05882753919563736,0.0032612365345598597,0.000857071390498045
Bałtycka,10,0.24390243902439024,0.0678512461671515,0.04664999841929096,0.0014742209515194024
Bezpieczna,5,0.0,0.06584267948424506,0.0200277989705975,0.0009631225780615802
Broniewskiego,10,0.1,0.06714908185496421,0.04909719643995157,0.001937041856987339
Kamieńskiego,11,0.28125,0.06520589346429921,0.0335816330159191,0.002502830246775569
Kleczkowska,6,0.3333333333333333,0.06950708762886598,0.026685944706019184,0.0009803727303386808
Mochnackiego,6,0.3076923076923077,0.06395435008151772,0.0031992509409879194,0.0016187995164367729
most Osobowicki,8,0.3333333333333333,0.06699270299642912,0.01881545679928167,0.0012614555725771197
Berenta,5,0.25,0.07084804203267384,0.05817871332384195,0.000905914236875555
KROMERA,17,0.11224489795918367,0.07517421602787457,0.33826584398391923,0.0030924764934282425
Kasprowicza,8,0.16666666666666666,0.0670343327637098,0.050695354716462276,0.001899894109824442
pl. Daniłowskiego,5,0.2222222222222222,0.06669242658423494,0.020813561570054998,0.0016013167452811417
Paprotna,8,0.28,0.06491162091011658,0.026133444982916337,0.0012012243347452737
Różanka,4,0.0,0.06320029293299158,0.0006199541114975818,0.0008857773221455459
Białków,4,0.0,0.03100747341189997,0.00765995076438869,0.0010124419096043406
Klęka,6,0.0,0.03194285079764592,0.025517717740323815,0.00135004323543805
Księginice - skrzyż. Warzyna,4,0.0,0.030128473676860775,0.005492786274968433,0.0010736907022410559
Białych Goździków,4,0.0,0.04910663480141118,0.002317497103128621,0.0012978859565459645
KŁOKOCZYCE,2,0.0,0.04681058798003905,0.0,0.0007252126426431462
ROD Pod Dębem,4,0.0,0.05163336125403853,0.0046296171828161085,0.0011949272922074808
Bielany Wrocławskie - Boczna,6,0.0,0.05576016023777218,0.011299501101841719,0.0014843954444216717
Bielany Wrocławskie - Kościół,4,0.0,0.0589803171131766,0.013544408388515035,0.0009576572280679994
Bielany Wrocławskie - Kwiatowa,4,0.0,0.05281840993940878,0.0,0.001033373600632901
Bielany Wrocławskie - skrzyżowanie,4,0.0,0.05287990196078431,0.006741129479620634,0.0010931676026180682
Bielany Wrocławskie - Makro,4,0.0,0.06260882182240278,0.015824266327555722,0.0008552174298919554
Partynice,12,0.06666666666666667,0.066713048855906,0.07010835460538774,0.0019383670366019624
Bielany Wrocławskie - PKP,4,0.0,0.05032656869605785,0.004513697519131001,0.0011740653700097663
Ślęza - skrzyżowanie,4,0.0,0.048053900551255635,0.0024304145953924286,0.0012608424183199443
Bielawa,4,0.0,0.039120580235720764,0.017979332514233427,0.0010294245385696528
Piecowice,6,0.0,0.04065576859659867,0.03796146494854399,0.0017643299833290666
Raków - osiedle,5,0.125,0.03771029058335154,0.01592665381558064,0.0012561879959363748
Bierdzany,4,0.0,0.056701708278580815,0.022933004976435193,0.0010126316287339572
Międzyrzecka,6,0.3333333333333333,0.06002225622478787,0.02519673184515248,0.0013442880490553714
Nowy Dom,4,0.0,0.05372260956175299,0.02066390108427678,0.0010779738911148816
Bierutowska,4,0.0,0.05498916783484134,0.03930682550393911,0.0011925745687003501
Bierzyce,6,0.0,0.033969691005707535,0.024942301163288754,0.0014023924537202768
Bierzyce - wieś,4,0.0,0.032864922502760956,0.004492279042423819,0.0010552838672811826
Kępa - skrzy.,6,0.0,0.032891226465431814,0.01610818363996857,0.0014869513940700871
Łozina - Milicka/szkoła,4,0.0,0.03511413109818123,0.02712738906417946,0.0008446654212426807
Zaprężyn,4,0.0,0.03184031877213695,0.0022097325916625664,0.0011395958296846892
Biskupice Podgórne Dongseo/Dong Yang,3,0.16666666666666666,0.05063068348489293,0.004920470095537281,0.001296875653046657
Biskupice Podgórne LG Chem Energy I,4,0.16666666666666666,0.05966125129623229,0.00492047009553728,0.0013845081534106642
Biskupice Podgórne LG Electronics,5,0.1111111111111111,0.06262699564586358,0.013931707790596121,0.0009993852605078841
Biskupice Podgórne LG Chem,2,0.0,0.05631321370309951,0.00492047009553728,0.0013504430415101757
Biskupice Podgórne LG Innotek,2,0.0,0.053320976212542476,0.004920470095537281,0.0013214876963947584
Pietrzykowice - zakład,4,0.1,0.06005149258924222,0.005313612523482039,0.0008860370179078247
Blizanowicka,4,0.0,0.04731619058062394,0.0069363602390624625,0.0011177433573133818
Księska,4,0.0,0.04964620606339527,0.009237726271867683,0.0010191340766190359
Starodworska,4,0.0,0.0451903440330942,0.0046296171828161085,0.0012023535615039564
Bociania,4,0.0,0.06397331356560415,0.011807254494506867,0.0008995607774153209
Gęsia,4,0.0,0.06804383820862572,0.013977107495647807,0.0008563829422077721
KOWALE,6,0.0,0.06040879182416352,0.009665854909075351,0.0012776008795267336
Bojanowska,4,0.0,0.03882315893652436,0.0027865895337600413,0.001050820886816808
Marszowicka,4,0.0,0.0378874352445342,0.002168217871735015,0.0010306880617423258
Małomicka,4,0.0,0.03987616671287312,0.004347344201560488,0.0010333349399181374
Borowa - skrz.,8,0.038461538461538464,0.03652137113838341,0.009108789730602163,0.0020873819109259537
Borowa - szkoła,4,0.0,0.035406580782801345,0.0014315652784088317,0.0010732324040086138
Byków - Ogrodowa,4,0.08333333333333333,0.03909753998097223,0.014345741711094324,0.000990100583279911
Stępin,4,0.0,0.03523887300939159,0.002317497103128621,0.00119725903972966
Borowa - stacja kolejowa,4,0.0,0.03437425316657373,0.000816456201007475,0.0010730650278252664
Raków I,4,0.0,0.035332650972364384,0.0021862529226362826,0.00104312975296587
Borowska,11,0.24,0.06918390251723586,0.03780620042693547,0.0019386310840215518
DWORZEC AUTOBUSOWY,18,0.168141592920354,0.07262475805772953,0.055160011283323145,0.0028246032757002007
PETRUSEWICZA,10,0.3488372093023256,0.07122224973178179,0.006126525256961975,0.0017071733198525724
Uniwersytet Ekonomiczny,13,0.125,0.06716475990349444,0.025652123733032127,0.002336779176609269
Wapienna,4,0.1,0.0652305366591081,0.007475937121192489,0.0008744337143012044
Śliczna,8,0.3333333333333333,0.06535403256342294,0.04631395310793416,0.0013784955778534378
Borowska (Szpital),5,0.25,0.058433204685489876,0.010679520625150637,0.0007879676430485008
Działkowa,8,0.25,0.06185936492007742,0.04118559101761795,0.0013321997770399327
GAJ,6,0.3076923076923077,0.05869151251360174,0.029320003671574935,0.0011785690026820369
Przystankowa,4,0.0,0.05538441791811064,0.008507936094437384,0.0007794448925091859
Braterska,4,0.0,0.06257704299905735,0.009763659000683962,0.000726200355844826
Przyjaźni,10,0.2926829268292683,0.0665895061728395,0.012197882321013941,0.0012696913221682297
Sąsiedzka,4,0.0,0.05912983898595409,0.007789627416862997,0.0008769795468859972
Brochowska,4,0.0,0.045176150342878085,0.002317497103128621,0.0012698114458524182
KSIĘŻE WIELKIE,2,0.0,0.04322564487853744,0.0,0.0007132809755983891
Sosnowiecka,4,0.0,0.047305815929397574,0.0046296171828161085,0.0011527329540768855
Brodzka,8,0.02,0.04807531613837669,0.05530901340836067,0.002034063957900676
Jędrzejowska,4,0.0,0.0465354543003505,0.03843671720299008,0.0010541430878958917
Kozia,4,0.0,0.045909139270135124,0.0021707491717143476,0.0011010761072583418
Królewiecka (Staw),2,0.5,0.045874973421220495,0.025102579856283332,0.0006058497021650052
Lubelska,4,0.0,0.045904255319148934,0.0113993345037321,0.0010543518739142032
Pola,4,0.0,0.06637950926851781,0.04456193644664038,0.0009066357251366527
Trzebnicka,6,0.0,0.06751153876241883,0.004040423819291851,0.0013262893703690382
Zakładowa,4,0.0,0.06642038020472563,0.0028066164614832033,0.0008658810925603806
Brzezia Łąka - Wrocławska,4,0.0,0.03687403862587592,0.015338093791419883,0.0016943141173725008
Brzezia Łąka - cmentarz,4,0.0,0.03821458619315414,0.01739838993994761,0.001432688674366067
Brzezia Łąka-skrzy.Orzechowa,3,0.0,0.03556709528519617,0.006603612105113639,0.0008936946109944235
Pietrzykowice,4,0.0,0.039670865128252276,0.019624925729863716,0.001268221325580338
Brzezia Łąka - skrzy. Główna,4,0.0,0.034629428995626176,0.005618631027755298,0.0010180885086278403
Brzezia Łąka-skrzy.Sportowa,3,0.0,0.03348465448337407,0.00661996721808042,0.001072718023124485
Kątna,4,0.0,0.033676734566455944,0.0026650320515405617,0.0010933110302214105
Brzezia Łąka Główna,4,0.0,0.03435509554140127,0.003373723741081982,0.0010974571666977468
Brzezia Łąka Główna pętla,2,0.0,0.03321530290200908,0.0,0.0006400304069576536
Brzezina - ul. Chrobrego,4,0.0,0.03275515238926633,0.014430431523000827,0.0011272716715708486
Brzezinka Średzka - ul. Główna,6,0.038461538461538464,0.031049866877743398,0.009718590690064123,0.0015743470054077444
Brzezina - Osiedle,4,0.0,0.03376105156091073,0.016484566498835566,0.0011494299226284391
Las Mokrzański,4,0.0,0.034840532902704884,0.018608714800726747,0.0011687725908228657
Brzezinka Średzka - PKP,3,0.3333333333333333,0.029332789504095715,0.004548446533119328,0.0011043688614360448
Gosławice - przejazd PKP,4,0.1,0.02861216099728135,0.0014117375044696504,0.001118430640123992
Brzezinka Średzka - ul. Parkowa,3,0.3333333333333333,0.030217086834733894,0.004548446533119328,0.001095009118029334
Pisarzowice - Kolejowa,4,0.0,0.030585483413666004,0.0021716229380235315,0.0010970030231615652
Brzezińska,4,0.0,0.04007615863285966,0.029532608410941106,0.0009984982142481214
Eluarda,8,0.16666666666666666,0.04167270268965184,0.03606356348680645,0.0016423018814642526
Owczarska,4,0.0,0.038600885628662165,0.027322203691348353,0.0011197598901784868
Brücknera,9,0.15625,0.06980506349591523,0.3261574234993591,0.0015552661678401743
C.H. Korona,9,0.5,0.0663692993924479,0.008580346748878793,0.0019048984648475868
Grudziądzka,6,0.3333333333333333,0.07205477164565417,0.14993663753984313,0.0012373414934567092
Kwidzyńska,12,0.13333333333333333,0.07272880498904433,0.1904952641054885,0.0021208835343187087
Olsztyńska,4,0.2,0.06559246028729954,0.013618169627934319,0.0008281856908617461
Psie Pole,8,0.3333333333333333,0.06714385746518323,0.3232220647949248,0.0015332966703109042
Budziwojowice,4,0.0,0.03555537244561635,0.0036560358025032303,0.00117657460682324
Łosice - plac zabaw,4,0.0,0.035619943866600626,0.004774456678259044,0.0009308066727333102
Łozina Cmentarz,4,0.1,0.036606574761399786,0.005084307654054371,0.0014291074348246383
Konduktorska,5,0.125,0.04640283901494784,0.021634838597590425,0.0014103666583837934
ROD Zgoda,4,0.2,0.046387873575575146,0.004994707110030399,0.0009023314675491647
Bujwida,5,0.75,0.07174925174592617,0.0015087031605247637,0.0007061986050869201
Kliniki,7,0.2222222222222222,0.07094122482531853,0.0616875315074009,0.0012174268924853905
Kochanowskiego,10,0.1,0.07321004411265694,0.023367935544512147,0.0016245222038460132
PL. GRUNWALDZKI,17,0.14285714285714285,0.07582813461031544,0.08194773102579544,0.002413352652442208
Bukowina,4,0.0,0.040176908752327746,0.010916007309167194,0.0009936974854998432
Bukowina - skrzy.,6,0.0,0.0417856969931729,0.06106965197145948,0.0013843732791820433
Pasikurowice - n/ż,6,0.16666666666666666,0.03869087648509303,0.012902683045080066,0.001510049218660542
Bąków,4,0.0,0.040227474012958564,0.04677844223976398,0.0008957845069521197
Domaszczyn -Trzebnicka,4,0.0,0.043403912890408895,0.06216790900931104,0.0009593701677149371
Bukowskiego,4,0.0,0.061093019963188444,0.0036370500044625954,0.0008002116611280582
RACŁAWICKA,6,0.0,0.0618372026368587,0.00402548570535562,0.0011880017529962937
Stanki,4,0.0,0.06055290485545888,0.00369227584712288,0.0006823530666697981
Bulwar Dedala,4,0.0,0.059876500381599945,0.003997282810497895,0.0008729451928532218
Bystrzycka,6,0.0,0.057391766974795505,0.016176876149870074,0.0012912553748846717
Szybowcowa,6,0.23076923076923078,0.06308018419706161,0.04578321120656567,0.0011769825606757214
Byków - Jaśminowa,2,0.5,0.03762972006627714,0.005070712339103776,0.0005944038590050733
Kamień Diamentowa,5,0.0,0.038012597454080956,0.008199288619798737,0.0021315345117390873
Hynka,4,0.0,0.05910149294617176,0.013381570918976952,0.0009328718615045441
KUŹNIKI (Stacja kolejowa),6,0.0,0.05578899734953779,0.03172548526662899,0.001235901231781799
Bzowa (Centrum Zajezdnia),4,0.0,0.06261790741546945,0.002741333161259357,0.0009378724498892917
Hutmen,4,0.0,0.06383136094674556,0.003650049443893824,0.0008626283392300823
pl. Srebrny,4,0.0,0.06339528391978257,0.0031271617983388046,0.0009356336343656354
Łozina - Wrocławska (na wys. nr 18),6,0.23076923076923078,0.038796978960618594,0.04476418685445095,0.0011644740002568108
Błonie,4,0.0,0.03490394337714863,0.008347022338843886,0.001427492980862678
Wróblowice,4,0.0,0.03611483093404754,0.010565044508311533,0.001637578983851763
Źródła,4,0.0,0.033808665674214526,0.006187251256655187,0.001312731297916636
Zielna,4,1.0,0.06303871439006574,0.0,0.000904227577332291
Ceglana,10,0.2073170731707317,0.051831831831831834,0.019508257011610613,0.0018378200314356505
Gospodarska,4,0.0,0.04933966039677549,0.015067170615220192,0.0008314787424868941
Kowalska,7,0.2777777777777778,0.05242057948126101,0.01277102513475547,0.001270728305564566
Kowalska I,5,0.625,0.050107414503861115,0.00031565368025888573,0.0010429938114773665
Monopolowa,8,0.18,0.05304566967852972,0.027119834731948053,0.0014616695993765968
Volvo,5,0.45,0.05180382976169038,0.0013323816001842483,0.001384255606802046
Centrum Zarządzania Kryzysowego,4,0.0,0.05995137200416811,0.004153120434260369,0.0009304336440941652
Nowodworska,8,0.14,0.06362429961663227,0.08265142378507682,0.0015326856171385956
Otyńska,4,0.0,0.058377866468240544,0.0025605029706472983,0.0010144160925673004
Cesarzowice skrz.,4,0.0,0.05791557613582981,0.005748659705092986,0.0011274157863041707
Jaszkotle - kościół,4,0.0,0.058401570007444004,0.0049500623856265314,0.0010820295699431966
Mokronos Dolny - Parkowa/Stawowa,4,0.0,0.05769487899451799,0.0070136554060173115,0.0011622167246287105
Chełmońskiego,4,0.0,0.05899241233166997,0.006932290512025751,0.0008738710170118207
Piramowicza,4,0.0,0.05594813614262561,0.004788426457517035,0.0009169215236553239
Tramwajowa,8,0.16666666666666666,0.06252716997536589,0.01838718926055674,0.0014614976863397623
Semaforowa,2,0.5,0.04352211407534419,0.0010966450025164118,0.0006283452463477895
Chociebuska,6,0.0,0.059097445730329386,0.04449943182941235,0.0011886152617130968
Hermanowska,4,0.0,0.05718261330506229,0.019690727588066014,0.0008344925768337052
Nowy Dwór,6,0.0,0.061275205907412665,0.07676749038659478,0.0011851989798199686
Nowy Dwór (Rogowska),6,0.3333333333333333,0.05687734792064852,0.02173607140870348,0.0011454297452894243
Chopina,4,0.0,0.06853013578972444,0.0027190125329005195,0.0008660016589625427
Karłowicza,4,0.0,0.06446071108455333,0.0008799816836409249,0.0009793453487002297
Chwałkowska,4,0.0,0.045138344055651446,0.036902249138476555,0.0010548079664256182
Wełniana,4,0.0,0.04386277001270648,0.03542979607765078,0.0010192612775500075
Chłodna,4,0.0,0.06247737638456526,0.0011189683593927939,0.0008489075568553812
Sowia,6,0.3333333333333333,0.06640504770698677,0.0030426436919396773,0.0011726705774218486
Wawrzyniaka,6,0.3333333333333333,0.0626315407504173,0.0009873203347244425,0.001210728642852047
Ciechocińska,6,0.3333333333333333,0.040064995357474466,0.00964590681567959,0.001300690425112648
Stabłowice,6,0.3333333333333333,0.04049171866935673,0.009016798585011837,0.0013253842387159218
Śnieżna,4,0.0,0.04153831343858298,0.011642007963769529,0.0008719277928885502
Cynamonowa,4,0.0,0.04677253265405669,0.0046296171828161085,0.0011319451592892017
Tymiankowa,6,0.3333333333333333,0.049053600863979994,0.0069363602390624625,0.0014983854095510037
Waniliowa,4,0.0,0.044689555175806535,0.002317497103128621,0.0012559800364046443
Czajkowskiego,4,0.0,0.05887569927684541,0.011116323836613765,0.0008996562297883682
KOSZAROWA (Uniwersytet),2,0.0,0.05561642069987755,0.0006400898321382899,0.00042851370955114906
Koszarowa,4,0.0,0.055706170926930025,0.01217380511337006,0.000858496431250142
Kromera (Czajkowskiego),5,0.5,0.07104634889273072,0.002901128189135007,0.0011076694267906338
Czerna,2,0.0,0.03081812662928972,0.0,0.0006913380556853692
Wilkostów,4,0.0,0.031796912420323495,0.002317497103128621,0.0012181810460570768
DH Astra,7,0.3888888888888889,0.06835102170125139,0.17956951133791585,0.0011670597052417415
Kolista,15,0.21428571428571427,0.06975992239915932,0.12627596384412584,0.002418772063049433
Kwiska,16,0.18584070796460178,0.07045473099844886,0.2821284577100825,0.002125937838144863
DW. ŚWIEBODZKI,4,0.2,0.0739249614528011,0.006785077066962109,0.0009523401694120116
Robotnicza,4,0.0,0.06891319971252895,0.00506925727442967,0.0009587877967638057
Dworzec Główny (Stawowa),5,0.3,0.07590817134312604,0.07856663866762846,0.0007098516592602194
Kościuszki,9,0.10606060606060606,0.07299331810877104,0.018207123497482578,0.0013531026838025193
Krasińskiego,2,0.5,0.07101127293672345,0.00018004785626798945,0.00037760523468854853
Wzgórze Partyzantów,10,0.27380952380952384,0.07625695855792171,0.003697799773577898,0.0014646055828618305
DWORZEC GŁÓWNY,17,0.18316831683168316,0.0752791346824843,0.08010208672172614,0.0018205876594544754
Dyrekcyjna,3,1.0,0.06771814187068424,0.0,0.0004403791982605747
Hubska (Dawida),8,0.16666666666666666,0.06879234754882423,0.02062801431203507,0.0012651304235505034
Joannitów,7,0.4444444444444444,0.06869925171151091,0.0009932134188327,0.0013546427398913351
Sanocka,8,0.4,0.06863368856370287,0.0014103166178640679,0.0014707207288581546
Pułaskiego,4,0.5,0.07072031467671884,0.0007247299571195324,0.0006158953824727777
DWORZEC NADODRZE,11,0.0625,0.07152328857947952,0.008393254024864115,0.0020964529946770113
PL. STASZICA,8,0.16666666666666666,0.0736725285982585,0.03308799546048355,0.0015522557266965467
Paulińska,4,0.0,0.07310461668784414,0.002782530279961382,0.0008612261657410118
Słowiańska,7,0.3333333333333333,0.07162420117852104,0.004090705648763424,0.0012254785274855256
Damrota,2,1.0,0.07176715176715177,0.0,0.00044107867763492676
Daszyńskiego,4,0.0,0.06909527622097678,0.00010132133191977476,0.0007143616258142813
Mosty Warszawskie,5,0.25,0.0700089235012574,0.0009055867657626482,0.0008057904295089309
Nowowiejska,11,0.08,0.07271654870239298,0.01222143878412839,0.0018379013314253323
Dmowskiego,6,0.16666666666666666,0.07616946160635481,0.029172101045790603,0.0013899724629608376
Długa,7,0.21052631578947367,0.07504347826086956,0.10655354825702616,0.0015242111287548331
PL. JANA PAWŁA II,15,0.0273972602739726,0.07968605724838412,0.20891749922998162,0.0030573055443929224
Pomorska,9,0.3333333333333333,0.07643255690372863,0.06617819613376633,0.00194474017580976
Dobroszów Oleśnicki,4,0.0,0.03437151505496256,0.009273043248505208,0.0012676653940725056
Dobroszów-skrzy. Węgierska,5,0.0,0.035550978372811536,0.012068871395251334,0.001481004858347747
Januszkowice - Wrocławska,4,0.0,0.03327036508732025,0.0070798898124528045,0.0010932405133261248
Dąbrowica,4,0.0,0.034334593196737616,0.005259042585129483,0.0012034931789023488
Dolnobrzeska,4,0.1,0.03723358357062732,0.025145853453549447,0.0012277342070868818
Mokra,4,0.1,0.036004839584463266,0.021875099711365104,0.0011921265002227534
Dolnośląska Szkoła Wyższa,4,0.0,0.05959944751381215,0.002832400522558504,0.0010428072181258312
Fabryczna,4,0.0,0.05863568419622231,0.0022272676869541054,0.0010479310181556918
Wrocławski Park Przemysłowy,4,0.0,0.061511047754811116,0.003995358924963352,0.0009972362924671786
Domaszczyn - skrzy.,6,0.3333333333333333,0.045171421093954466,0.06425217772068048,0.001388893979419698
Domaszczyn Stawowa,8,0.16666666666666666,0.0452116512992456,0.036048920073917884,0.0019278821482105878
Pruszowice - las,6,0.3333333333333333,0.04696087500680198,0.10026175590642071,0.0014042667901234885
Domaszczyn Kościół,4,0.0,0.041980833779247946,0.02997359838815614,0.0012134851185131399
Domaszczyn Wrocławska Skrzyżowanie,4,0.0,0.04350675539423271,0.03188926967603307,0.0010990172429739444
Domaszczyn Wrocławska sklep,5,0.25,0.0406730134791215,0.028154212093446374,0.0013477451273837704
Pruszowice,2,0.0,0.04325814536340852,0.0,0.000583286067605861
Szczodre - pętla,6,0.16666666666666666,0.03940639269406393,0.020863090512347252,0.001475074494366973
Drukarska,6,0.3333333333333333,0.07095872389409637,0.02572349859159296,0.0009215899043506847
Drzewieckiego,4,0.0,0.06121869901397461,0.014754504237613158,0.0009256589666888866
Orlińskiego,4,0.0,0.06380776340110905,0.016319150846190057,0.0008366525045608101
Dubois,13,0.136986301369863,0.078219885797154,0.15715269481352467,0.0027276780220513667
Rynek,14,0.18032786885245902,0.07981871994080651,0.141285861587325,0.002341881510332961
Uniwersytet Wrocławski,2,1.0,0.07255759206322515,0.0,0.0005048291566459202
pl. Bema,12,0.11475409836065574,0.07872650976099252,0.19402574718817883,0.002368465267467619
Dworska,4,0.0,0.061101670914755025,0.08062658425352519,0.0008015195529842396
Górnicza,9,0.15625,0.06461515423779575,0.09623569961803381,0.0015324209564213198
STADION WROCŁAW (Królewiecka),8,0.0,0.05799731182795699,0.07872379008329401,0.0017289264907364905
Działdowska,6,0.0,0.057931127072564946,0.017251938813941617,0.0012694924311113032
Kowale (Stacja kolejowa),4,0.0,0.0585045081689377,0.009633923282421873,0.0009234799644771194
Tczewska,4,0.0,0.05502773704010712,0.014824308748545413,0.0008033303981917838
ROD Bajki,8,0.16666666666666666,0.06186823428202739,0.005636553727952161,0.0014516375184846116
Dzielna,4,0.0,0.06285964017772598,9.261922877352794e-05,0.0008913525127106732
KOZANÓW,7,0.2631578947368421,0.0670603776517212,0.0019388202272867781,0.0013190592557537624
Wiślańska,4,0.0,0.0652305366591081,0.0013688109339979335,0.0008094304607121496
Łosice,4,0.0,0.0355217122864787,0.006944201731580782,0.0009422470658669327
POPOWICE (Stacja kolejowa),8,0.2,0.07321625519640282,0.10584775400661742,0.0018221563466318414
Długołęka - Broniewskiego (na wys. nr 11),4,0.5833333333333334,0.040465138087869834,0.007081913858307652,0.0004387303718788641
Długołęka - Kasztanowa,8,0.26,0.04362331294545822,0.03206863501571436,0.0016805597951517674
Długołęka - Parkowa/skrzy.,7,0.3157894736842105,0.04218192482526028,0.01299247245038783,0.0017007744039994493
Długołęka - SELGROS pętla,5,0.75,0.042052431536887244,0.0,0.0011369230874130507
Długołęka - Kościół,5,0.05555555555555555,0.04216749731261605,0.023414398518107848,0.0009357150380038332
Długołęka - Wiejska,4,0.0,0.04502765313576124,0.03006497684743323,0.0009825020048421693
Długołęka - Nowy Urząd,4,0.0,0.04070562709306165,0.011058267501554697,0.0009529058127599327
Długołęka Urząd Gminy,2,0.0,0.04047272897809877,0.008316530135079788,0.0004387303718788641
Kamień - Bursztynowa,4,0.0,0.039354279720917505,0.009089604794169622,0.0012098245667789855
Szczodre-Trzebnicka (na wys. nr 3a),2,0.0,0.04048032271682537,0.006047105697061473,0.0006554971922442888
Mirków - Jagiellońska,4,0.0,0.04656056110062045,0.031751233802837085,0.0010629927935560174
Długołęka-Parkowa skrzy. Konopnicka,2,0.0,0.03790907094223589,0.004963933615268595,0.0006618177477282724
Gwiaździsta,3,0.6666666666666666,0.06760673717195456,0.0004389272810502182,0.0004438728547031264
Komandorska,4,0.1,0.06810827874674454,0.0013446630493726185,0.0007044215192691778
LEŚNICA,14,0.18032786885245902,0.04324730643948885,0.14519547659293064,0.0024035407685266443
Zajazdowa,4,0.0,0.040014837483191915,0.002216565892285674,0.000942319850489255
Średzka,11,0.18627450980392157,0.041797839879885695,0.06280393803502428,0.002070497476160216
Fiołkowa,4,1.0,0.06372766208831783,0.0,0.0008183900523663858
GRABISZYŃSKA (Cmentarz),9,0.25,0.06374178299726715,0.005189903025382147,0.0016675647263023627
Ostrowskiego,4,0.0,0.06377946936663957,0.01129991931477602,0.0008366310252460509
ROD Oświata,4,1.0,0.06558249107075005,0.0,0.000685117790568149
Wrocławski Park Technologiczny,9,0.1875,0.06875946139749821,0.14513493076752232,0.0013005014267118576
Ferma - stadnina koni,4,0.0,0.03128625290023202,0.006940393006643312,0.0014897561960513176
Gałów przy posesji nr 2,2,0.0,0.0303403178174659,0.0023161528472683377,0.0008067574944329214
Las Ratyński,4,0.0,0.03228823705477402,0.009237726271867683,0.0012886862739985108
Fieldorfa,4,0.0,0.04497837077187679,0.008231883694356576,0.0010703886413922297
Fieldorfa (Szpital),4,0.0,0.046894528066076184,0.010343709650861834,0.0010314623937930682
Stoszowska,4,0.0,0.04322781005810459,0.006249419960139269,0.0010786023833389761
Kosmonautów (Szpital),6,0.0,0.049009029473564655,0.15423497402496433,0.00142212744737739
Świeradowska,6,0.3333333333333333,0.055882924302272874,0.02043195447996907,0.001759792729715995
Hala Targowa,6,0.3333333333333333,0.07589482015653856,0.008604507475750159,0.0010265853948642763
Ogród Botaniczny,11,0.1,0.07930527476566808,0.3083051372443564,0.0015666869138978383
Oławska,4,0.25,0.07732974910394265,0.0023161528472683377,0.0007896116707043409
Park Staromiejski,8,0.34,0.07732282053579428,0.0015024820183751847,0.0010261184694558489
Urząd Wojewódzki,12,0.1935483870967742,0.07625695855792171,0.042120969448048565,0.0013315961010285774
pl. Nowy Targ,4,1.0,0.07524631615659604,0.0,0.0006419734465073635
pl. Wróblewskiego,8,0.16666666666666666,0.07606204829895999,0.08768876891205342,0.0011082556248281311
GAŁÓW (pętla),2,0.0,0.02944990444990445,0.0023161528472683377,0.0008593549813790941
Gałów Przedszkole,2,0.0,0.028610263890730674,0.0023161528472683377,0.0009040628452833411
GIEŁDOWA (Centrum Hurtu),4,0.0,0.054554649472153736,0.009864025382933428,0.001118844439639721
Marchewkowa,4,0.0,0.05479365079365079,0.009401830815215726,0.0010831465216441438
GRABISZYNEK,2,0.0,0.0648043853720808,0.0,0.000581521122656853
GRABISZYŃSKA (Cmentarz II),4,0.5,0.059930555555555556,0.0003622833555647676,0.0007552227426090732
OPORÓW,5,0.5,0.05686985172981878,3.589163146956736e-05,0.0008020733899719167
Solskiego,6,0.16666666666666666,0.060286412853650016,0.0009723162667889455,0.0010852680467715874
Gajowa,7,0.2777777777777778,0.06527987897125567,0.0003607697644623487,0.0011245226177869657
Prudnicka,6,0.3333333333333333,0.06491162091011658,0.017413884902482937,0.001052667701301752
Gajowicka,7,0.0,0.07155887230514096,0.06740237709745248,0.0015691456611711043
Krucza,12,0.040983606557377046,0.06931170187133563,0.023411712980798367,0.0020941947361390605
Mielecka,4,0.0,0.07027687296416939,0.06044051028886597,0.001026112393321999
Gajowicka (szkoła),2,0.0,0.06185049810076686,0.004850364468997963,0.0005122427419650364
Gazowa,6,0.3333333333333333,0.0525034982052686,0.003451332805711801,0.0011843185645784703
Karwińska,10,0.2,0.05501721280122402,0.049638961518707926,0.0019236748275022063
TARNOGAJ,8,0.0,0.05068123091378905,0.002778401317713131,0.00155307293582889
Wiaduktowa,6,0.3333333333333333,0.052353797621936426,0.0201902624963446,0.0012481931785706317
Gałczyńskiego,4,0.0,0.04695576473148702,0.00019917390996532715,0.0010511912119160317
Grota-Roweckiego,4,0.0,0.048790140208050656,0.001553132832301391,0.0010492226807711218
Oboźna,4,0.0,0.04813967758130195,0.0009581611573514226,0.0010156716740639877
Gałowska,4,0.0,0.03306260056700636,0.0046296171828161085,0.0012178090275216397
Samotworska,4,0.0,0.03418634130882586,0.0069363602390624625,0.0011438256793830524
Samotwór - Dębowa,4,0.0,0.03200801127512796,0.002317497103128621,0.0013131105945240764
Stadion Wrocław (Lotnicza),4,0.0,0.056035322381663526,0.15878895441137508,0.0009904714211591528
SĘPOLNO,6,0.0,0.055828697114762585,0.03252577256002885,0.0013098530021817406
Godzieszowa (na wys. nr 8),4,0.0,0.03365834633385335,0.002317497103128621,0.001373966407848547
Godzieszowa - transformator,2,0.0,0.032563580107161726,0.0,0.0007575468344467439
Siedlec - stacja,6,0.0,0.03482647296206618,0.009154897706609886,0.001963907602791898
Gorlicka,5,0.125,0.05786509320101918,0.017209188449304913,0.0009938843303611599
MULICKA,5,0.125,0.060796054948925676,0.020110316638439978,0.001169256048887714
Palacha,4,0.2,0.0548737839384498,0.023353518178872455,0.0009192014801120164
Szewczenki,8,0.2,0.05521079905316358,0.016593479500150617,0.0015215971692836253
Miłoszycka,6,0.3333333333333333,0.04707615099279948,0.012806132258223475,0.0012191937389354765
Prężyce przy posesji nr 22,4,0.0,0.02859604360648133,0.0013863086644459559,0.0011187359127119074
Grabiszyńska,8,0.16666666666666666,0.07104050049390846,0.004486113745039219,0.0014267907163269908
Kolejowa,4,1.0,0.07027115055777217,0.0,0.0007589776792567625
Pereca,4,0.0,0.06680600712184549,0.0018564387732514075,0.0008402308703821726
Zaporoska,8,0.1,0.06987854251012146,0.0031539366338552695,0.0013710232032619627
Graniczna,4,0.0,0.04617936643835616,0.013929107194536217,0.0010417943176529454
Przybyły,4,0.0,0.048217677952843895,0.016052583368497287,0.0010614554471980848
Skarżyńskiego,6,0.19230769230769232,0.04431094680632573,0.011905822890694917,0.001471992852291701
Graniczna (Strachowicka),6,0.19230769230769232,0.0430445408748566,0.00706968319921072,0.001473868918052493
Rdestowa,4,0.0,0.041864752110216355,0.005553567427799288,0.001047459300538475
Zarembowicza,3,0.6666666666666666,0.042733349839069075,0.0011587485515643105,0.001008271946041967
Grawerska,3,0.16666666666666666,0.0447242951907131,0.018318174608082202,0.0009317524532443857
Polanowicka,5,0.0,0.049904585670502516,0.03479421387332059,0.0022322431190030306
Grochowa,4,0.0,0.06487258513117342,0.002850036958717629,0.0008337154307823876
Stalowa,6,0.0,0.06436935928992317,0.0039054288639123716,0.0012826825837114432
Gromadzka,4,0.0,0.03532831177337482,0.016718298374273792,0.0010093716530596465
RATYŃ,4,0.0,0.036217894913547086,0.018331002129855823,0.000995560588100983
Ratyń - skrzyżowanie,8,0.0,0.03448964910878427,0.018237612167603525,0.001941869609438203
Kurpiów,4,0.0,0.05104998521147589,0.003666079002023553,0.001009071304931053
Grunwaldzka,4,0.0,0.0686173173252763,0.00016483137334427682,0.0007344754682887243
Piastowska,8,0.0,0.07114591920857379,0.0019074454275608956,0.001339743917759019
Grzybowa,2,0.5,0.034756343133306486,0.01146191914311475,0.0006802648737057809
Piłsudskiego,6,0.25,0.0705641864268193,0.004893325409910286,0.000902030114824569
Zielińskiego,6,0.19230769230769232,0.06763852966533428,0.0007143871845105891,0.0009091747042534017
Góra Kapliczna,4,0.0,0.05030016902721921,0.002317497103128621,0.0012809484747665799
Witkowska,4,0.0,0.05295453150886666,0.0046296171828161085,0.0011694712534155243
ŚLAZOWA,2,0.0,0.04789388978300683,0.0,0.0007180142128869072
Górnickiego,4,0.0,0.07380484050286497,0.0014498283349455433,0.0006802540064370949
KOZANÓW (Dokerska),7,0.3888888888888889,0.06372295650889759,0.0004920424533924088,0.0011723163879999426
Modra,10,0.2682926829268293,0.06707080127457837,0.09559934489682155,0.002046236262830072
Rękodzielnicza,4,0.0,0.06203723671914312,0.01607071682388388,0.0007864037576247759
Gądowianka,6,0.2692307692307692,0.06434056512338776,0.01759710749097783,0.0009999636353843306
Na Ostatnim Groszu,8,0.08333333333333333,0.06723802103622906,0.04197771441523279,0.0012688768593266924
Szkocka,7,0.2222222222222222,0.06584267948424506,0.0656782301332817,0.0012159204693396911
Gąsiorowskiego,4,0.0,0.06019390388505266,0.0015582606255426718,0.0012666864795861914
Jutrosińska,6,0.07692307692307693,0.05966125129623229,0.016972753268224842,0.0014297137905510062
Gąsiorów,4,0.0,0.027583341323872534,0.0046296171828161085,0.0012441517870312047
Głoska - ul. Średzka,4,0.0,0.028361102895264386,0.0069363602390624625,0.0011882811708542433
Księginice ul. Sportowa,4,0.0,0.02684542881139764,0.002317497103128621,0.0013306380666048023
Głogowska,4,0.0,0.06796881153028274,0.006635880478480004,0.0008342445067134184
Niedźwiedzia,8,0.16666666666666666,0.06714908185496421,0.01590442288178802,0.001331975494549124
Szczepin,7,0.0,0.06901239504198321,0.008114774925333454,0.0013326656576845381
Lubiatów,4,0.0,0.02918202414364454,0.009237726271867683,0.0011433071770702852
Głubczycka,4,1.0,0.05218285161446366,0.0,0.0008711178704362228
KSIĘŻE MAŁE,8,0.16666666666666666,0.05221126504930728,0.020717671318688114,0.0017434448877634678
Główna,8,0.0,0.042724887370661914,0.03874704827016408,0.001869914262155336
Marszowice,6,0.0,0.04120511841100077,0.026314355622259773,0.0014580880655642961
Park Stabłowicki,4,0.0,0.041542312506017136,0.00994457747001386,0.0009464934261219645
STABŁOWICKA (Ośrodek zdrowia),4,0.1,0.04100346842780444,0.003427615598642584,0.0010534881178205977
Hala Orbita,10,0.3170731707317073,0.06939530395625602,0.09793197656440551,0.001503425798262729
Wejherowska,9,0.375,0.07222966186809508,0.12067066550911054,0.0014658229146648992
most Milenijny,8,0.16666666666666666,0.0657373552711761,0.07546466603334108,0.0013690044020347682
Hala Stulecia,7,0.3333333333333333,0.0663692993924479,0.022753623550193766,0.001137635969512192
Mickiewicza,6,0.15384615384615385,0.06659464464850683,0.03486224657346644,0.0012196228720811597
ZOO,4,1.0,0.062387045470975205,0.0,0.0007259270129796516
Jastrzębia,4,1.0,0.0701454929691945,0.0,0.0006623232802236866
KRZYKI,20,0.16666666666666666,0.07092956357360072,0.11429212144376805,0.002993703549171135
Orla,8,0.5,0.07052958483164433,0.0011479945046820434,0.0012299261388442927
Racławicka (szkoła),2,0.0,0.07015119492765404,0.00607866749713524,0.00040096397571927464
Sudecka,6,0.0,0.07068555983291015,0.01255697603809267,0.0010800864832079845
Sztabowa,4,1.0,0.07022540483359102,0.0,0.0006378381471909875
Hartmana,4,0.0,0.037508692628650905,0.0032724745060712236,0.0009658307617272271
Polkowicka,4,0.0,0.03881442835297293,0.005297477155157261,0.0008333581750014745
KUŹNIKI,8,0.0,0.055455596966970826,0.04960408554163076,0.001525210077979061
Hippiczna,4,0.0,0.06262245120092881,0.000179480561612175,0.0008031997958593608
PARK POŁUDNIOWY,9,0.1875,0.06641015775298191,0.011816256194731081,0.0016705255901002607
Husarska,4,0.0,0.0627545084351367,0.03509324675605918,0.0008057216668610091
rondo Św. Ojca Pio,12,0.0,0.05929233940226726,0.03398837628973718,0.002523589827514969
IWINY - pętla,2,0.0,0.03392562308357575,0.0023161528472683377,0.0009220320574467539
Iwiny - rondo,4,0.0,0.03775483419371774,0.006940393006643312,0.0015482759181385565
Inflancka,5,0.25,0.052509887435351385,0.0019287831168633312,0.001375165724368883
Kowieńska,4,0.0,0.05021821355833576,0.00017486528315853523,0.0011535987088282169
LITEWSKA,6,0.38461538461538464,0.05515434268549882,0.007998123251999409,0.00136918504776356
Inowrocławska,5,0.125,0.07391229873244262,0.009216678422085884,0.0009224439587980126
Pl. SOLIDARNOŚCI,2,1.0,0.0688362447156417,0.0,0.000434970232770548
Kolbuszowska (Stadion),4,1.0,0.06544820263916275,0.0,0.0008499330974516247
Krucza (Mielecka),6,0.3333333333333333,0.06813516500868466,0.016673753720618256,0.0011749342219389074
Irysowa,6,0.3333333333333333,0.06414449234428422,0.02447115526659187,0.0010013338733909612
Obornicka (Obwodnica),6,0.0,0.06423520655005582,0.06034950765650213,0.001019787393679774
Zajezdnia Obornicka,7,0.4444444444444444,0.06266792535037398,0.005108547660732021,0.0011808524605784155
Iwiny - Kolejowa,2,0.0,0.03638586727380049,0.0023161528472683377,0.0008316283763199977
Iwiny - Kościuszki 21,2,0.0,0.03511270241679551,0.0023161528472683377,0.0008804952309831087
Vivaldiego,4,0.0,0.03922370693573311,0.009237726271867683,0.0013904413134063654
JANÓWEK (WOŚ),4,0.0,0.0411736641221374,0.002317497103128621,0.0011816346390232197
Janówek,2,0.0,0.039547245898634405,0.0,0.0006758058326959791
PRACZE ODRZAŃSKIE,8,0.0,0.042935323383084575,0.00882556462266802,0.00204041680056718
JARNOŁTÓW,2,0.0,0.03417821782178218,0.0,0.0006262568426863565
Jarnołtowska (Samotworska),6,0.0,0.03538625553550927,0.011544469328114036,0.001597573170265573
Jagodzińska,4,0.0,0.04252069373275522,0.013824327267154721,0.0012948360007203937
Kajdasza,4,0.0,0.04080764138452809,0.011533715281231769,0.0013148539696149826
Malinowskiego,4,0.0,0.04437930679831328,0.01610956222963654,0.0013233222412303914
Jaksonowice (na wys. bud 27),2,0.0,0.03035419084801801,0.0009463264472633934,0.00043154127532862906
Jaksonowice - skrzy.,3,0.0,0.029566945319994518,0.0014898539001046555,0.0013339659857263782
Skała - wieś,4,0.0,0.030271142446245045,0.003077548095467029,0.0018671642131433733
Januszkowice - Wierzbowa,4,0.0,0.032237579379902875,0.004912277237745777,0.0008961684934922324
Januszkowice - skrzy. Kępa,5,0.0,0.03129419443739348,0.003338153625353889,0.0009103417560618284
Michałowice Skrzyżowanie,4,0.0,0.03043662269873739,0.0011737073260303362,0.0008373153769800434
Krzeptowska,4,0.0,0.03666723317471108,0.013824327267154721,0.0009541595979606145
Jarocińska,4,0.0,0.0591622677726743,0.013824327267154721,0.0009615474655678566
Lipska,6,0.0,0.055897402681520825,0.01154984635155517,0.0015933777901010033
OSOBOWICE,6,0.3333333333333333,0.06282303268544806,0.01610956222963654,0.0011875740491580987
Jarzębinowa,4,0.0,0.0661759067556169,0.0023403822689817234,0.00086236400163917
Skierniewicka,4,0.0,0.06256343337683051,0.00028647133579034367,0.0009005373810646213
Jerzmanowo (Cmentarz II),3,0.0,0.039261180110095086,0.023215425413618533,0.0010468100377517533
Pietrzykowice - Wrocławska/Stawowa,4,0.0,0.05911768735443211,0.004778146275566513,0.0010100394109477952
Jaworowa,4,0.0,0.06286879871785532,0.0015458435887239614,0.0008706045761283522
Weigla (Szpital),4,0.0,0.05970665559706655,0.0004981971107632778,0.000904413313471007
Wiśniowa,8,0.0,0.06685258346889766,0.007569828564179618,0.0014711426201979433
Jedności Narodowej,5,0.25,0.07123400742880727,0.0008533834716880445,0.0008310306113692191
Na Szańcach,4,0.0,0.0730860433604336,0.0018365855190330905,0.0008117088798018863
Jeleniogórska,6,0.3333333333333333,0.0431370588823353,0.01371485050032655,0.001163956687043018
Wschowska,6,0.3333333333333333,0.04466873706004141,0.1482726895678811,0.001157356736688543
Jerzmanowo (Cmentarz I),6,0.0,0.04404634308171285,0.04923183888753156,0.002248341896195588
Jerzmanowska nr 17,4,0.0,0.045892049986705666,0.050499136099813775,0.001289204821349188
Piołunowa,3,0.0,0.04219429912482277,0.024648969200039766,0.0008106413150331949
Jerzmanowo (Cmentarz),4,0.0,0.03907983516732328,0.002931982061737697,0.00103563168904042
Kaczorowskiego,4,0.0,0.04057930126487046,0.005788639402479988,0.0009582771378423965
Osiniecka,4,0.0,0.039925977330557486,0.0028443573675932033,0.0010700065749324461
Jerzmanowska nr 9,4,0.0,0.0479045240077713,0.052622388231131564,0.0011260317795670437
Żernicka,6,0.0,0.050107414503861115,0.062547296123817,0.0014276774801736316
Tyniecka,2,0.0,0.05728129563255011,0.0023161528472683377,0.000683065015449439
Kamieńskiego (Szpital),6,0.0,0.05637943424576991,0.014121912626532986,0.0015714472383458647
KAMIEŃSKIEGO (pętla),2,0.0,0.05337373987259571,0.0,0.0006188544953091061
KARŁOWICE,2,0.0,0.06324661048002932,0.0,0.0005493930993823387
KIEŁCZOWSKA (LZN),5,0.125,0.061257808063600226,0.11573982901973381,0.0011555386464876514
Poleska,7,0.16666666666666666,0.05827143821742066,0.10617152530586522,0.0013543016721077814
Psie Pole (Rondo Lotników Polskich),13,0.04794520547945205,0.06455232253721295,0.33290886902734373,0.0025216690184051756
KLECINA,6,0.0,0.05665703781512605,0.013298062046676327,0.0013931762983794207
Kościelna,6,0.0,0.05587930587930588,0.013418939379392278,0.0015147403255093847
Skarbowców,4,0.0,0.05900451251196499,0.00659525608500119,0.0009827587159547482
KLECINA (Stacja kolejowa),2,0.0,0.052925303569238316,0.0,0.0006027875366721024
KMINKOWA,2,0.0,0.0427799534030635,0.0,0.0007074026265830851
KOSZAROWA (Szpital),3,0.0,0.052795791019209594,0.00820040883301564,0.0009027087475108986
Kozanowska,4,0.5,0.06286421911421912,1.1202132169028524e-06,0.0008575535494124882
Krakowska,4,0.0,0.06409685086155674,0.05761799748214445,0.0008220391687170286
Kętrzyńska,4,1.0,0.07129285419248245,0.0,0.0008026452392330104
Wyszyńskiego,10,0.07317073170731707,0.07730204227875313,0.3015148259722293,0.0015733386266106816
Radio i Telewizja,4,1.0,0.06631320116797296,0.0,0.0006079488500978234
Zajezdnia BOREK,4,1.0,0.06624702540876641,0.0,0.0006894352172950705
Zimowa,7,0.3333333333333333,0.0664459501077918,0.010807921761480791,0.001354619834003482
KRZYŻANOWICE,4,0.0,0.04450518281677067,0.002183974918451287,0.0011798512320408275
POLANOWICE,4,0.0,0.04643279888087808,0.0035306033030387887,0.0011625247031906965
Psary - Parkowa,4,0.0,0.043388637506284564,0.0015056965825250637,0.0012050991107615755
Zagłębiowska,4,0.0,0.04964049467932125,0.0069363602390624625,0.0010340046552435248
Kołobrzeska,10,0.0,0.053632465353303085,0.07301240123547954,0.0018980027321856795
METALOWCÓW (Ośrodek sportu),4,0.0,0.05810665230272017,0.01699846814064919,0.0008760642107046616
Kadłub NŻ,4,0.0,0.03183327185540391,0.0019217033693325052,0.001226512703282894
Kadłub wieś,4,0.0,0.0327887537993921,0.004048764225587641,0.0012527898116209092
Miękinia Cegielnia,4,0.0,0.030936334958416977,0.00034883439574354824,0.0012246256993715223
Kadłubka,6,0.3076923076923077,0.06034121101943784,0.0047355932819654915,0.0007936564686082899
Kamiennogórska (Ośrodek dla niewidomych),6,0.0,0.04767165663149754,0.15653350996977272,0.0013244952822082353
Małopolska (Ośrodek dla niewidomych),6,0.0,0.04630076720854123,0.01825975718194976,0.0013618188893558024
Złotnicka,6,0.0,0.04610042735042735,0.1514913302194734,0.0012779977965507827
Kamień - skrzy.,6,0.0,0.03810154525386313,0.018383901833490878,0.0022278652420408343
Kamień - skrzy. Kryształowa,2,0.0,0.03670934535709728,0.01391499732493084,0.0008048395963560131
Kamień - skrzy. Diamentowa,2,0.0,0.03761168010459795,0.004137321396356811,0.0007460900265406401
Kamień - skrzy. Rubinowa,2,0.0,0.039074526849587975,0.004137321396356812,0.0006735046063876802
Kępińska,7,0.2631578947368421,0.06330228122936991,0.024589509626786094,0.001282435489024792
Milicka,4,0.0,0.053443150854594994,0.009576983562914674,0.0010981746640766163
Katedra,10,0.25,0.07684088683109251,0.05018805504971388,0.0015080277325859382
Reja,4,1.0,0.07280242955964232,0.0,0.0006863945449727041
Kiełczowska,6,0.3333333333333333,0.05547698637181795,0.09611030537229547,0.0012926373097646396
Kiełczowska (Cmentarz),6,0.3076923076923077,0.05293504263019076,0.09231692735589736,0.0015377468063657498
Żmudzka,8,0.3333333333333333,0.05276351186109073,0.0005794862971038455,0.0018613748934603763
Kiełczów - Sosnowa,2,0.0,0.05028258462972674,0.04224276991985547,0.000609306039581406
Kiełczów - Akacjowa,4,0.0,0.04198287604592333,0.03890159268869751,0.0011037642033488045
Kiełczów - Boczna,4,0.08333333333333333,0.040406405094109935,0.03868981206406902,0.0011284284253980014
Kiełczów - Biedronka,4,0.0,0.048616979325108445,0.08844188579598701,0.0012588978496421183
Kiełczów - Wrocławska,5,0.05555555555555555,0.04677506775067751,0.08513143169739569,0.002002505664306399
Kiełczów - Ładna,2,0.0,0.04637042609209607,0.048078385568807745,0.0007086426972090104
Kiełczów - Mleczna,4,0.3333333333333333,0.04337773309876854,0.044767931470216425,0.0015221917259969253
Kiełczów - pętla (Plac Jana Pawła),5,0.2222222222222222,0.04508881922675026,0.013485350747719916,0.0014663637409710452
Kiełczów - Rzeczna,4,0.0,0.03986143187066975,0.009187671071833856,0.0008975643549437997
Kiełczów - WODROL,6,0.0,0.04149836507020581,0.015415492959631596,0.0012701000588746603
Kiełczówek - Sielska Zagroda,4,0.0,0.03834533013418644,0.006901091853491754,0.0008566860246702772
Kiełczów - cmentarz,6,0.07692307692307693,0.04321915064102564,0.01813245809590777,0.0011566773843716253
Kiełczów - osiedle,4,0.0,0.03989644491701724,0.0018278484144467208,0.001104070947608154
Kiełczów - pętla/Wrocławska,3,0.0,0.044777668240543765,0.028710542564981168,0.0009867816601768946
Kiełczów - Zgodna,3,0.0,0.042869206696140284,0.028710542564981168,0.0010123755222614707
Śliwice,4,0.0,0.04125239005736138,0.023403091250776314,0.001142864771443879
Wilczyce - Sosnowa,4,0.0,0.03975859209435179,0.0013639620110733398,0.001342583889762876
Kiełczówek,2,0.0,0.03693400667636737,0.004632305694536675,0.000537702671595979
Kiełczówek - pętla,2,0.0,0.03562288450425163,0.004632305694536675,0.0006306583819676932
Kiełczówek - skrzy. Imbirowa,3,0.0,0.03440165829546361,0.004632305694536675,0.0007096707357836497
Wilczyce Wilczycka Clarena,2,0.0,0.03327164777546457,0.0035034485051019396,0.0004752211738191625
Klimasa,4,0.0,0.05065148491606996,0.0012985183449982828,0.0007457512808829224
Miękinia - Urząd Gminy,7,0.1111111111111111,0.03292133974212253,0.032277846036103126,0.0014696674950985349
Zabór Wielki,4,0.0,0.030968529084580327,0.013824327267154721,0.0010207999294980122
Kmieca,4,0.0,0.03970919799383426,0.009237726271867683,0.0011342877511055433
Smocza,4,0.0,0.03820443578733012,0.0069363602390624625,0.0011831575926828529
Zagrodnicza,4,0.0,0.041333397193352175,0.011533715281231769,0.0010772580308334538
Śniadeckich,8,0.16666666666666666,0.07155293922560318,0.026992408912205126,0.0014785881861482729
PILCZYCKA (Anima),4,1.0,0.06611506933272045,0.0,0.0008654308486615029
Kolumba,6,0.19230769230769232,0.050444236614449384,0.010100435686292812,0.0011208724784006958
Magellana,4,0.0,0.04808067301799543,0.007838949244009333,0.0008229012878407817
Kominiarska,4,0.0,0.05429380308273042,0.028662223452963143,0.0010745286340837273
LIPA PIOTROWSKA,6,0.3333333333333333,0.05155008661370288,0.018389420168677225,0.0014793708460089311
Lawendowa,2,0.0,0.05152854072128015,0.018318174608082202,0.0006302857805966957
Kominiarska (plac sportowy),3,0.16666666666666666,0.04676492901268018,0.018318174608082202,0.0007765620320366675
Pracze Widawskie,2,0.5,0.04470112918263752,0.0,0.0005036499747266951
Komuny Paryskiej,6,0.07692307692307693,0.0720066750104297,0.0036251232856381902,0.001024064984135043
Komuny Paryskiej (szkoła),2,0.0,0.06719090625973217,0.0001441519842448153,0.0004637628566160399
Kopańskiego,3,0.6666666666666666,0.060672103487064116,0.03558526779995621,0.0008335603224906138
Wallenroda,7,0.3157894736842105,0.058118391810896355,0.10639994958322813,0.0016232833396006554
Kopernika,2,0.0,0.06245024965627035,0.007989777008582378,0.0005191709248674432
Sołtysowicka,4,0.0,0.052795791019209594,0.009237726271867683,0.0010117240510564536
Kowalska 56,4,0.0,0.06183277208569177,0.011468570081755058,0.000918069014630129
Północna,4,0.0,0.045586603982885214,0.0027994128290402286,0.0011652386002196178
Nowy Dwór (Stacja kolejowa),8,0.3333333333333333,0.05526029327015432,0.025842944294461354,0.0014708219004202665
Szczecińska,4,0.0,0.05160557316271004,0.00940132023510451,0.0008993947725480797
Szkoła Żerniki,4,0.0,0.05179450246068899,0.0594377794708551,0.0009007801949652058
Końcowa,4,0.0,0.0600807574491785,0.009067110330845254,0.0008767022993386279
Krzemieniecka,4,0.0,0.05700885189589114,0.007111158309427982,0.0008177011823481087
WAŁBRZYSKA,6,0.0,0.05526737111751521,0.016398493244474694,0.0015318583188922948
Świstackiego,4,0.2,0.06876494023904382,0.008635552766676975,0.0007703887822115732
Rodła,4,0.2,0.037190260719672484,0.019983361433316207,0.0009246271163282865
Krajobrazowa,4,0.0,0.033353946046224006,0.011533715281231769,0.0011339500695660963
Krakowiany - skrzy.,4,0.0,0.03095075852670086,2.9573628926235303e-05,0.0012176213528919445
Węgrów (na wys. nr 7),6,0.0,0.031030887059077344,0.005201856427817773,0.0019753482852876724
Na Niskich Łąkach,10,0.0,0.06793670786428403,0.0898196466152336,0.0018190785340731013
Żelazna,2,0.5,0.06482872596153846,7.22542859250992e-05,0.0004702886987308114
Krzelowska,4,0.0,0.03691820670773443,0.014729099385474127,0.0011244617843732924
Wilkszyn - Miłoszyn,4,0.0,0.03571132996772325,0.012603830870366038,0.0011378355080436408
Łososiowicka,4,0.0,0.0382281284606866,0.016879012591354076,0.0010994601937497272
Trawowa,5,0.25,0.05498216106014271,0.005560051344599388,0.0009582056259461677
Królewiecka,4,0.0,0.055164919457939145,0.05976014861963233,0.0009989686381949498
Warmińska,4,0.0,0.05303914940692029,0.058033451967098214,0.0010775544654172576
Królewiecka (Park),4,0.0,0.051095322676139726,0.05637710470458566,0.0011279569013489237
Suwalska,4,0.1,0.04931710383450483,0.05492553241812291,0.0011679650410246583
Królewska,8,0.16666666666666666,0.05820462669454374,0.037873639359445356,0.0016889396335677033
OSIEDLE SOBIESKIEGO,2,0.0,0.05500669258716298,0.0,0.000532510783244248
Krępice,6,0.07692307692307693,0.03744684543955567,0.04609361487428071,0.002017137307938853
ŻAR,6,0.07692307692307693,0.0387586454684272,0.08137459571505003,0.0014834210406400733
Krępice - Wrocławska,4,0.2,0.03745009546953654,0.046703234906919244,0.0009002087612296391
Żurawiniec,4,0.0,0.036198146050920685,0.04455511404218633,0.0009679310093706185
Krępicka,6,0.0,0.038656215005599105,0.0002117202979946391,0.0014593357316275133
Krępicka - szkoła,4,0.0,0.0386181590370072,0.0001161661105928258,0.0009875755048635066
Mokrzańska,6,0.038461538461538464,0.040169428411841374,0.08610155942641498,0.0015971526128998274
Lenartowice przy posesji nr 11a,4,0.0,0.029325812151692266,0.0034049328813048957,0.0011053924224661206
Księginice P&R,2,0.0,0.02614438486473386,0.0,0.0007391322894181518
Ołtaszyn,8,0.0,0.05377617148554337,0.014319452009141528,0.0018331320211398365
Kutrzeby,4,0.0,0.05107113267842348,0.0025793495276870866,0.0010165675894963093
ROD Storczyk,4,0.0,0.04864438306747083,0.00031427840310951883,0.0010668609973952545
Kwiatkowskiego,4,0.0,0.04531848973376044,0.002317497103128621,0.0013215886352204575
Połabian,4,0.0,0.04746191497552659,0.0046296171828161085,0.001230551023980029
Zabrodzie - pętla,2,0.0,0.04335594071841246,0.0,0.0007352862810798052
Kwiatkowskiego (Rondo),2,0.0,0.054188120055255556,0.0023161528472683377,0.0007542163742431344
TYNIECKA (pętla),2,0.0,0.05141189086143214,0.002316152847268338,0.0008146950292177748
Zacisze,4,1.0,0.06829692940804052,0.0,0.000788269601362769
Małopanewska,4,1.0,0.06637440393785571,0.0,0.0006574389217498149
Oleśniczka,4,0.0,0.03280869829683698,0.0008196376065434791,0.001145911301043452
Kątowa,4,0.0,0.050848456280933305,0.007341486067263353,0.001127812161805906
Ługowa,4,0.0,0.048540412846616796,0.0052281767567647144,0.001147004278734668
Kępa,4,0.0,0.031190140590552605,0.002561779526140613,0.000954762592120976
Kępa (na wys. nr 36),4,0.0,0.032002076612155594,0.0045633124899188094,0.001000688107749051
Zaprężyn - skrzy.,4,0.0,0.03185794972128909,0.007253092524618766,0.0011545960202624759
Wołowska,5,0.375,0.06232847031633685,0.0043999872075849815,0.0009359158072964285
Leśnica - Hermes,3,0.5,0.04159637537957295,0.043362400625885526,0.0008174542039508687
RUBCZAKA (Stacja kolejowa),4,0.0,0.04151233825580836,0.0037455896738291666,0.0007767598930613074
Perzowa,6,0.3333333333333333,0.049053600863979994,0.0069363602390624625,0.0014983854095510043
LITOMSKA (ZUS),2,0.0,0.06457164234942013,0.00018645607597034258,0.0005511997141217302
Las Osobowicki,4,0.0,0.05294803362169458,0.002317497103128621,0.0012096087609928339
RĘDZIN,2,0.0,0.05028844472932813,0.0,0.000687694834533066
Rzemieślnicza,2,0.0,0.04903130503948639,0.018318174608082202,0.0007093540246183017
Lekarska,5,0.0,0.05502773704010712,0.04157044677054622,0.0009584173517958927
Rondo Obrońców Grodna,6,0.0,0.052341096555070354,0.036755483173474116,0.0019449293298086983
Żmigrodzka (Obwodnica),7,0.1111111111111111,0.058005108213469554,0.024815768876115942,0.00109996673210502
Zbożowa,4,0.0,0.04419974391805378,0.009567593857544469,0.0010552992276451729
Zabór Mały,4,0.0,0.030049792820084263,0.011533715281231769,0.001093356631402636
Lutynia - Kolonia,4,0.0,0.032529212212589524,0.0046296171828161085,0.0011394037949917554
Lutynia I,4,0.0,0.03361639139918978,0.0069363602390624625,0.0011262019291148565
Radakowice - Świetlica,4,0.0,0.03150784958013874,0.002317497103128621,0.0011462514447219566
Lutynia - Straż,4,0.0,0.03477595099935525,0.009237726271867683,0.0011019863650170581
Lutynia Osiedle ul. Wschodnia,6,0.0,0.03601535764961188,0.014988452842160166,0.0015873156495251751
Lutynia Centrum,2,0.0,0.03476474379632614,0.0,0.0006233505451432442
MIŃSKA (Rondo Rotm. Pileckiego),8,0.16666666666666666,0.05592275790565059,0.02996357033011174,0.001766942963807524
Park Tysiąclecia,4,0.0,0.05304893041553971,0.02043440938773452,0.000994168242004682
ROD Tysiąclecia,6,0.3333333333333333,0.05641997907949791,0.007648303747542086,0.0012257215826536971
Rogowska,6,0.3333333333333333,0.058468834688346884,0.02952984617679132,0.0012321806502877477
Tyrmanda,4,0.0,0.05314693927823624,0.0058184066522485615,0.001116246393359253
MOKRY DWÓR,2,0.0,0.04145251933330131,0.0,0.0007273126346457693
Mokry Dwór - Starodworska,4,0.0,0.04324297239063988,0.002317497103128621,0.0013028271141991984
MUCHOBÓR MAŁY (Stacja kolejowa),3,0.8333333333333334,0.059826689774696705,0.0007209260552583035,0.0004993068047530626
Swojczyce,8,0.3333333333333333,0.046395355088436105,0.006182696399467914,0.0015609865467425986
Malinowa,4,0.0,0.05909339906874829,0.0014868550262807064,0.000927241544008331
Ożynowa,4,0.0,0.05608995190432861,0.00044926631155267567,0.0009251973262126047
Wyścigowa,10,0.1,0.06257704299905735,0.006056435181889205,0.002120126877981546
Malwowa,2,0.0,0.043934225932902304,0.013802684747804158,0.0007315981822226636
Marcepanowa,4,0.0,0.052401481571437244,0.009237726271867683,0.001102902377697483
Słoneczna,4,0.0,0.049812409812409815,0.0069363602390624625,0.0011653288068240533
Wilkszyńska,4,0.0,0.03965263738283404,0.019061075916559162,0.0010540066453646284
Złotniki,4,0.0,0.04453274162753496,0.000408609744739065,0.0009606550765141725
Żernicka (Stacja kolejowa),4,0.0,0.046767463285102694,0.017083702094354253,0.0009521310763149029
Maślice Małe (Brodnicka),4,0.1,0.05078262916323408,0.007875995085400574,0.0011508874268133138
Rędzińska (Cmentarz),6,0.0,0.05270872778354608,0.013526574594101943,0.0016009629606299723
Śliwowa,2,0.5,0.04833380005600672,0.0024241414013777733,0.0006627382675067693
Maślicka (Osiedle),4,0.0,0.05502773704010712,0.014950813678072232,0.0009946141625711068
Maślicka (Staw),4,0.1,0.04705818201646764,0.005400771961332031,0.0012321650435852013
PILCZYCE,6,0.0,0.05840947546531303,0.16047946817700315,0.0013211756498034287
Mikołowska,6,0.3333333333333333,0.045001825102987954,0.01610956222963654,0.00127233360382812
Niedziałkowskiego,4,0.0,0.04309182603485295,0.013824327267154721,0.0009919402952999652
Miodowa,4,0.1,0.03496050232934981,0.010175223631130643,0.001082572472697151
Szkolna,4,0.0,0.03422565932976403,0.007366189864333577,0.001046351704013018
Trzmielowicka,4,0.1,0.037404646324549234,0.013347712269928192,0.0008766572814839108
Na Grobli,4,1.0,0.059976370838835225,0.0,0.0009086324356087452
Rakowiecka,6,0.3333333333333333,0.06374178299726715,0.029708054512263646,0.0012499048609362772
Miękinia - pętla,3,1.0,0.03188266587852815,0.0,0.0010156621431847315
Miękinia - stacja PKP,6,0.16666666666666666,0.031889734683319786,0.00212540294069412,0.0018696941977594686
Mrozów - Wyzwolenia,6,0.0,0.033945639775006885,0.04057320414138345,0.0013545792161698633
Modlińska,6,0.3076923076923077,0.06590804948831526,0.008937592947838626,0.0011951704618373834
Rymarska,6,0.3333333333333333,0.06281388747361526,0.004701804707467176,0.0011918830207887324
Moniuszki,4,0.0,0.06711774770570851,0.009068385735016485,0.000925494633197654
Okrzei,4,0.0,0.05606444487754174,0.004946504766854108,0.0008882963982901155
Złotostocka,4,0.1,0.05114983404457089,0.0024161348124388986,0.000933959070231369
Mrozów - Świetlica,4,0.0,0.035032881383453764,0.04241998765076949,0.0009687792346750842
Wojnowice - Główna,4,0.0,0.03283741105741791,0.0046296171828161085,0.0010751355002668295
Mroźna,4,0.0,0.04976357974858724,0.018976083395445525,0.0012411034971042437
Wilczyce,4,0.0,0.04770591487009397,0.016930932529610324,0.0014200060641440544
Zgorzelisko,4,0.0,0.052132415126253474,0.021124741962522543,0.0010917407264280207
Muchobór Wielki,4,0.0,0.05206636500754148,0.004835845235438733,0.0011614960774936943
Muchobór Wielki (Roślinna),2,0.0,0.04949813593346716,0.0017454682254401568,0.0006672469440459312
Młodych Techników,5,0.125,0.07389964034937489,0.011517277362345264,0.0008496486480707684
Strzegomska (Muzeum Współczesne),4,0.2,0.06893521846792874,0.0032168678027664327,0.0007947770083837518
pl. Strzegomski (Muzeum Współczesne),6,0.07692307692307693,0.06893521846792874,0.008541950996985717,0.001075741031588381
NOWY DWÓR (pętla),6,0.6666666666666666,0.05460297374248656,2.0835965834393067e-05,0.0011382164336010447
Zemska,6,0.3333333333333333,0.0546721571111815,0.0062909637968852385,0.0011559432028892605
pl. Zgody,4,0.0,0.07127518995705319,0.08125265089743103,0.0007183587821795167
Narodowe Forum Muzyki,9,0.15625,0.07688195991091314,0.009441175580607133,0.0013217656022475877
Zamkowa,6,0.6666666666666666,0.07673157286387482,5.428467078863768e-05,0.0009431021586801319
ZACHODNIA (Stacja kolejowa),4,0.0,0.06794740571608535,0.007365680525644209,0.0007614491959861749
Słonimskiego,4,0.0,0.06860095389507154,0.003645998180902973,0.0008540538017915794
Opatowicka nr 59,4,0.0,0.05103489059727972,0.018389420168677225,0.001115280794804326
OPATOWICE,4,0.0,0.04637790197764403,0.013824327267154721,0.0011532094903011
Opatowicka nr 127,4,0.0,0.04434737923946557,0.011533715281231769,0.0011672178805190575
Opatowicka nr 85,4,0.0,0.048597815069264555,0.01610956222963654,0.0011377194822809163
OSOBOWICKA (Cmentarz),6,0.3333333333333333,0.06465872480707276,0.016464659523412178,0.0011096182226409202
OSOBOWICE (Stacja kolejowa),2,0.0,0.05699755630407503,0.018318174608082202,0.0005667793528667687
OSOBOWICKA (Cmentarz II),6,0.3333333333333333,0.06507314130598703,0.016494096187652164,0.001089227160597506
Serbska (C.K. Agora),6,0.6666666666666666,0.06591811793461656,0.007645163581270771,0.0010531238978113068
Łużycka,8,0.3333333333333333,0.0659584225007643,0.009915536017439162,0.00142512524874477
Ostowa,2,0.0,0.0604003359462486,0.018318174608082202,0.00046255087265371393
Parafialna,6,0.0,0.050556531927357935,0.0051012377488959685,0.001395191639606691
Odolanowska,4,0.0,0.04877083922011868,0.10210620937231561,0.0010057900274871678
Odrodzenia Polski,4,0.0,0.050788606403013185,0.10398794353406901,0.0010218901784495743
ZAKRZÓW,4,0.0,0.05299355234878723,0.10592154356776505,0.0009901607191915665
Świętokrzyska,2,1.0,0.0734905901388061,0.0,0.0003955584239133054
Partyzantów,4,0.0,0.05909339906874829,0.007076702220116527,0.0008617053387316067
Oleśniczka - skrzy.,4,0.0,0.03291255100873346,0.001040767695560102,0.0011944541225605695
Raków IV,4,0.0,0.03400181237933887,0.003299117540836253,0.0012560722553082132
Zalewowa,4,0.0,0.04248301663877129,0.009237726271867683,0.0011846887906587723
Opera,7,0.275,0.07425572190672862,0.001508534157600299,0.0007507654947381952
ŚWIDNICKA (Dom Europy),4,0.4166666666666667,0.07180297861718946,7.973573173507074e-05,0.0005511989535023455
Os. Przyjaźni,4,0.0,0.06244121264742059,0.008567495327675112,0.0009750925183595322
PORT LOTNICZY,4,0.0,0.040840471345416685,0.004144790486831461,0.0010735341081862524
Wita Stwosza,2,0.0,0.07180895323681145,0.0023161528472683377,0.0008447810312098012
Strachowskiego,4,0.0,0.056302192066805846,0.015422307337597944,0.0009206602245012799
Świt,4,0.0,0.051507012831990454,0.0024218702558102953,0.0009584559634918888
Pułtuska,6,0.3333333333333333,0.06277733323634248,0.0014768467098927231,0.0012733950264894576
PAWŁOWICE (Widawska),2,0.0,0.042264557519956905,0.0,0.0006782749106842479
Przebiśniegowa,6,0.0,0.044127422406299535,0.018672251601680855,0.0017811663514346002
most Grunwaldzki,5,0.375,0.07376068376068376,0.009472427979773702,0.0005917236427008505
Popowice,4,1.0,0.07012839265398993,0.0,0.0009185859603324672
Rysia,6,0.3333333333333333,0.07217529480638957,0.10319136339896534,0.0012627057372779672
Ścinawska,3,0.3333333333333333,0.06823213156230234,0.0004816178510334764,0.0005608193347703773
POŚWIĘCKA (Ośrodek zdrowia),2,0.0,0.05198795180722891,0.0,0.0005428361312353312
Poświęcka,4,0.0,0.054835430169017665,0.002317497103128621,0.000868764753233459
POŚWIĘTNE,8,0.28,0.061305675925268165,0.02875204283432808,0.0013439012605216578
PRACZE ODRZAŃSKIE (Stacja kolejowa),4,0.1,0.04174931062841662,0.003722052440573329,0.0011353417082387736
Wojszyce,4,0.0,0.05278933202838268,0.006440451377666331,0.0009001794883160779
Park Brochowski,4,0.1,0.04237038491751768,0.0023021410272088373,0.0011808793748558904
ROD Mieczyk,4,0.0,0.0427079724847825,0.0012835227849449804,0.0011133524808215464
Zagłoby,4,0.0,0.050450134455746524,0.018212578493329395,0.0010472511790222865
Pasikurowice - Energetyczna,5,0.25,0.03854571441332797,0.008778170001765456,0.0009777479147816302
Pasikurowice - Wrocławska (na wys. nr 14),5,0.2222222222222222,0.03729633951337569,0.013260255103915456,0.0014990308243698859
Pasikurowice - skrzy. Malinowa,4,0.0,0.039754929058411645,0.010632705386612467,0.0008853871177647812
Siedlec - Wrocławska/szkoła,2,0.0,0.03595983165965248,0.005566003410825204,0.0008106992114683128
Pasikurowice - cmentarz,4,0.0,0.041083499952394555,0.012533483173053226,0.0010229351312914707
Ramiszów,4,0.0,0.04251231527093596,0.014480525765352073,0.001113022341483123
Starodębowa,2,0.0,0.04772174297721743,0.013279231515809791,0.00074663040573217
Pawłowicka,4,0.0,0.04594335604770017,0.023899390514392955,0.0013129107555565932
Zajączkowska,4,0.0,0.04677253265405669,0.0046296171828161085,0.001131945159289203
Prusa,4,0.0,0.07212703719180945,0.0009651714886986547,0.0007257742601587172
Pisarzowice - Graniczna,4,0.0,0.03256726668930903,0.006356401759698828,0.0011440061972650454
Pisarzowice - Odrzańska,4,0.0,0.0318098046443052,0.004541297880086799,0.00113714067213368
Wilkszyn (pętla),4,0.0,0.033543221393034825,0.00840426354151894,0.0011461418835226364
Pisarzowice - Szkolna,4,0.0,0.03117098894748248,0.0030035587929799082,0.0011231221816115915
Piwnika - Ponurego,4,0.0,0.05753333333333333,0.009237726271867683,0.0009970723055343195
ROD Źródło Zdrowia,4,0.0,0.054427346115035316,0.0069363602390624625,0.0011052109401513775
Zakrzowska,6,0.19230769230769232,0.061006644987982465,0.011582556577488733,0.0012485172171489646
Poczta Główna,5,0.45,0.07228411089706005,0.004414580604583692,0.0005029599554774406
Widawa,4,0.0,0.04759803651205118,0.013333169063895683,0.0016837155588746498
Wolska,5,0.25,0.04022184936614467,0.007413335879243361,0.0008797729064339741
Poprzeczna,4,0.0,0.050168585048250204,0.0069363602390624625,0.001113534015680076
Przybyszewskiego,2,0.0,0.06254076382346546,0.011116323836613765,0.0008541707278555966
Psary - Szkoła,4,0.0,0.04356825525040388,0.0023276994654795467,0.0012471793553720317
Psary - Wolności,6,0.0,0.0455000790847261,0.01116085159367766,0.001981415725366768
Szymanów - skrzyż.,4,0.0,0.04353089533417402,0.0046296171828161085,0.0013227630016489818
Psie Pole (Gorlicka),2,1.0,0.060646521433591005,0.0,0.0004798137776317396
Pustecka,2,0.5,0.03605899803618435,0.004867348738235452,0.000546190455741773
Pęgowska,4,0.0,0.044689555175806535,0.002317497103128621,0.0012559800364046452
ŚWINIARY,2,0.0,0.0427799534030635,0.0,0.000707402626583085
SPISKA (Ośrodek sportu),4,0.0,0.06328835435611617,0.002147543562650146,0.0007947018905811547
Tunelowa,4,0.0,0.04441128036228901,0.0028422286158837355,0.001030276789168663
Wysoka,4,0.0,0.04846953103060938,0.00015868940430645808,0.001085196848819321
Rubczaka,6,0.16666666666666666,0.04017503840603324,0.008145204632214905,0.0010986715060859146
Łowęcice - Staw,4,0.0,0.030546509981594222,0.0,0.00114916169585729
Raków - skrzy.,5,0.125,0.03640428583480975,0.010930234017021864,0.001517815190430967
Raków II,4,0.2,0.03637819837288707,0.004158500312315444,0.0009728611883035786
Raków III,4,0.0,0.03516277553681294,0.00555209036267127,0.0013525132755502632
Śrubowa,6,0.0,0.06484821160204389,0.0062138678007530946,0.0013427015775973748
Wielka,4,0.0,0.06800094555196597,8.360369088068558e-05,0.0006579539934389777
TRZMIELOWICKA (Stacja kolejowa),5,0.25,0.03873081411004398,0.015432541087906093,0.0008574807157994487
RĘDZIŃSKA,2,0.0,0.047692732799115775,0.0,0.0006891247851415924
Turoszowska,4,0.0,0.05007833807230314,0.002317497103128621,0.0012129733506599557
Stabłowicka,2,0.5,0.03939200292130728,0.0009533910646416796,0.0006213435611848646
SZYMANÓW,2,0.0,0.040051979393883136,0.0,0.0007613618794617315
Szymanów (Widawska),4,0.0,0.04172105390379502,0.002317497103128621,0.0013829429843544
Samotwór - Leśna,2,0.0,0.031016388729154687,0.0,0.0007316831137838423
Zajezdnia GAJ,3,1.0,0.06467326139088729,0.0,0.000769891023153166
Siedlec - Wrocławska/sklep,2,0.0,0.03365834633385335,0.005418426521630422,0.0007300515985688154
Siedlec - skrzy. Osiedlowa,4,0.0,0.033745209978884805,0.0005477842630654948,0.0012170975025813857
Tokary - osiedle,4,0.0,0.03381926483266714,0.0006716126320619361,0.0011459903623825196
Strumykowa,4,0.0,0.03680641446666951,0.0046296171828161085,0.0012411157349456138
Strachowice General Aviation,3,0.6666666666666666,0.04098594224924012,0.0011587485515643103,0.0010306422652467827
Strachowicka,6,0.0,0.04836901692635355,0.018856663552746403,0.001385898634892876
Żerniki,4,0.0,0.04991901897269783,0.007837390562986431,0.0009485251693303601
Wojnów,4,0.0,0.03550417575184103,0.002317497103128621,0.001328617992810089
Stępin - kościół,2,0.0,0.03404070684758599,0.0,0.000682446202996217
Szczodre - Szkoła,5,0.25,0.0380444366073003,0.026465735564062502,0.0008487002382374098
Szczodre - stawy,7,0.0,0.036801705756929634,0.024762473772026054,0.0012101240175168137
Szczodre - Trzebnicka,4,0.0,0.03939739785437115,0.01006423510140378,0.0011487214979227322
Zajezdnia OŁBIN,4,0.8,0.06684222755789637,0.0,0.0005208300272320101
Trestno - kościół,4,0.0,0.03917741056836753,0.0046296171828161085,0.0012580813580185407
Tokary - centrum,4,0.0,0.03494917587980399,0.0028909790573898677,0.0010708536768807512
Łozina - Nowego Osiedla II,4,0.0,0.03616022793932792,0.005133869960272759,0.0009651686158989862
Trestno - świetlica,4,0.0,0.040765233821445444,0.0069363602390624625,0.001211788424298969
Zagony,2,0.0,0.05047373961866885,0.0019933746109499495,0.0006480158282887929
Uniwersytecka,2,0.0,0.06702392047219634,0.0023161528472683377,0.0008916749876394418
Volvo - brama II,5,0.45,0.049257990867579905,0.0013323816001842462,0.0013502283768928444
WOJNÓW (pętla),2,0.0,0.03428821168898248,0.0,0.0007382737580553996
Widna,2,0.5,0.06124476616279895,0.00020315192615494442,0.000545245439689123
Wielkopolska,4,0.0,0.0442359936439592,0.0003226214064680215,0.0009439888943190229
Wilczyce - Wrocławska (na wys. nr 1F),4,0.0,0.045821386853562705,0.015081236465860334,0.0016915905100320942
Wilczyce - Borowa,2,0.0,0.0407825717121119,0.00861164667001695,0.0010758550843056
Wilczyce - Dworska,5,0.0,0.04251022117137087,0.011398711548797714,0.002122926995751737
Wilczyce - Dębowa,4,0.0,0.041077633395211574,0.002959459582608206,0.0016464532374548212
Wilczyce - Szkoła,2,0.0,0.043820452929826344,0.0044679928198813655,0.0008925370778747518
Wilczyce Wilczycka Stary Młyn,2,0.0,0.03221351250466592,0.00350344850510194,0.000577549108857399
Wilkszyn - Polna,4,0.0,0.03459056475209427,0.010498278107875434,0.0011443015025267792
Wojszycka,2,0.0,0.05889578925817239,0.0,0.0005340326803679738
Wróblowice Innowacyjna,2,0.0,0.037317305197613074,0.00805478111481827,0.0004888380822471267
Wysoka - Chabrowa,4,0.0,0.050580236783495484,0.002174006407068111,0.0010780466207417105
Wysoka - Radosna,6,0.0,0.053140394088669954,0.009110613093038292,0.001564330054879015
Wysoka - osiedle,4,0.0,0.05604260016884213,0.011295028865998855,0.0009743465188914525
Ślęza - autostrada,4,0.0,0.05050623280856792,0.0025638095852612204,0.0012198867280560231
ZWYCIĘSKA,2,0.0,0.05597716806123111,0.0,0.0005311196700090646
Łozina - Milicka/poczta,6,0.23076923076923078,0.036338372141984925,0.03236393776791354,0.0012880460309529019
Łozina - Nowego Osiedla I,6,0.23076923076923078,0.03748913987836664,0.007402301724501035,0.0011874518545184351
Łozina - skrzy.,6,0.25,0.03765106234457485,0.021159834023623283,0.0017775343901497665
Łozina - kościół,2,0.5,0.03531674578490751,0.001460373088844967,0.000780981770911583
Ślęza - Dębowa,2,0.0,0.04585790955948775,0.00015042223076571504,0.0007094691388970878
Ślęza - Szyszkowa,2,0.0,0.048086031091547334,0.0001321851595945366,0.0006920629705349207
